{
  "No": -2.1008713702030946e-06,
  "no": -13.125001907348633,
  "Yes": -17.750001907348633,
  " No": -18.625001907348633,
  "_no": -19.750001907348633,
  " no": -20.125001907348633,
  "Probably": -20.625001907348633,
  "Based": -21.750001907348633,
  "_No": -21.750001907348633,
  "\"No": -22.875001907348633,
  "Not": -23.000001907348633,
  "Lik": -23.000001907348633,
  "NO": -23.500001907348633,
  ".No": -24.187501907348633,
  "-No": -24.625001907348633,
  "\tno": -24.875001907348633,
  ":no": -24.937501907348633,
  "Poss": -25.062501907348633,
  "It": -25.187501907348633,
  "The": -25.375001907348633
}